{
  "counties": [
    {
      "name": "Kent",
      "unlock_cost": 100,
      "unlocked": true,
      "wage": 0,
      "tithes": 0,
      "rent": 0,
      "cereal_percent": 0,
      "vigilantness": 0,
      "flag": "kent_flag"
    },
    {
      "name": "Sussex",
      "unlock_cost": 150,
      "unlocked": false,
      "wage": 0,
      "tithes": 0,
      "rent": 0,
      "cereal_percent": 0,
      "vigilantness": 0,
      "flag": "sussex_flag"
    },
    {
      "name": "Surrey",
      "unlock_cost": 200,
      "unlocked": false,
      "wage": 0,
      "tithes": 0,
      "rent": 0,
      "cereal_percent": 0,
      "vigilantness": 0,
      "flag": "surrey_flag"
    },
    {
      "name": "Berkshire",
      "unlock_cost": 250,
      "unlocked": false,
      "wage": 0,
      "tithes": 0,
      "rent": 0,
      "cereal_percent": 0,
      "vigilantness": 0,
      "flag": "berks_flag"
    },
    {
      "name": "Hampshire",
      "unlock_cost": 300,
      "unlocked": false,
      "wage": 0,
      "tithes": 0,
      "rent": 0,
      "cereal_percent": 0,
      "vigilantness": 0,
      "flag": "hamp_flag"
    },
    {
      "name": "Wiltshire",
      "unlock_cost": 400,
      "unlocked": false,
      "wage": 0,
      "tithes": 0,
      "rent": 0,
      "cereal_percent": 0,
      "vigilantness": 0,
      "flag": "wilts_flag"
    },
    {
      "name": "Buckinghamshire",
      "unlock_cost": 500,
      "unlocked": false,
      "wage": 0,
      "tithes": 0,
      "rent": 0,
      "cereal_percent": 0,
      "vigilantness": 0,
      "flag": "bucks_flag"
    },
    {
      "name": "Hertfordshire",
      "unlock_cost": 500,
      "unlocked": false,
      "wage": 0,
      "tithes": 0,
      "rent": 0,
      "cereal_percent": 0,
      "vigilantness": 0,
      "flag": "herts_flag"
    },
    {
      "name": "Bedfordshire",
      "unlock_cost": 500,
      "unlocked": false,
      "wage": 0,
      "tithes": 0,
      "rent": 0,
      "cereal_percent": 0,
      "vigilantness": 0,
      "flag": "beds_flag"
    },
    {
      "name": "Dorset",
      "unlock_cost": 500,
      "unlocked": false,
      "wage": 0,
      "tithes": 0,
      "rent": 0,
      "cereal_percent": 0,
      "vigilantness": 0,
      "flag": "dorset_flag"
    }
  ]
}
